ID,First Name,Last Name,Email
1,Arun,Kumar,arun@gmail.com
2,Maya,Padhy,john.smith@gmail.com
3,Jane,Doe,jane.doe@gmail.com
4,Robert,Brown,robert.brown@gmail.com
5,Emily,Davis,emily.davis@gmail.com
6,Michael,Wilson,michael.wilson@gmail.com
7,Sarah,Miller,sarah.miller@gmail.com
8,David,Johnson,david.johnson@gmail.com
9,Laura,Martinez,laura.martinez@gmail.com
10,James,Taylor,james.taylor@gmail.com
11,Sophia,Anderson,sophia.anderson@gmail.com
